timestamp,ts_local,hour_local,minute_local,close,volume,rvol,prior_high,breakout,atr,atr_pct,atr_ok,trend_ok_base,trend_ok_htf,in_window,long_signal,dbg_breakout_ok,dbg_rvol_ok,dbg_atr_ok,dbg_trend_ok_base,dbg_trend_ok_htf,dbg_window_ok,session_day
2025-01-01 00:00:00+00:00,2024-12-31 19:00:00-05:00,19,0,44993.14494883498,1138,,,False,,,False,False,False,True,False,False,False,False,False,False,True,2024-12-31 00:00:00-05:00
2025-01-01 00:15:00+00:00,2024-12-31 19:15:00-05:00,19,15,44992.67913448346,1112,,,False,,,False,False,False,True,False,False,False,False,False,False,True,2024-12-31 00:00:00-05:00
2025-01-01 00:30:00+00:00,2024-12-31 19:30:00-05:00,19,30,44963.20319638333,1237,,,False,,,False,False,False,True,False,False,False,False,False,False,True,2024-12-31 00:00:00-05:00
2025-01-01 00:45:00+00:00,2024-12-31 19:45:00-05:00,19,45,44935.697410231456,1249,,,False,,,False,False,False,True,False,False,False,False,False,False,True,2024-12-31 00:00:00-05:00
2025-01-01 01:00:00+00:00,2024-12-31 20:00:00-05:00,20,0,44904.96129657086,1229,,,False,,,False,False,False,True,False,False,False,False,False,False,True,2024-12-31 00:00:00-05:00
2025-01-01 01:15:00+00:00,2024-12-31 20:15:00-05:00,20,15,44888.31935453534,1122,,,False,,,False,False,False,True,False,False,False,False,False,False,True,2024-12-31 00:00:00-05:00
2025-01-01 01:30:00+00:00,2024-12-31 20:30:00-05:00,20,30,44891.33995092162,1117,,,False,,,False,False,False,True,False,False,False,False,False,False,True,2024-12-31 00:00:00-05:00
2025-01-01 01:45:00+00:00,2024-12-31 20:45:00-05:00,20,45,44877.0342480655,1241,,,False,,,False,False,False,True,False,False,False,False,False,False,True,2024-12-31 00:00:00-05:00
2025-01-01 02:00:00+00:00,2024-12-31 21:00:00-05:00,21,0,44879.23494504727,1244,,,False,,,False,False,False,True,False,False,False,False,False,False,True,2024-12-31 00:00:00-05:00
2025-01-01 02:15:00+00:00,2024-12-31 21:15:00-05:00,21,15,44854.44383169342,1157,,,False,,,False,False,False,True,False,False,False,False,False,False,True,2024-12-31 00:00:00-05:00
2025-01-01 02:30:00+00:00,2024-12-31 21:30:00-05:00,21,30,44875.13302606007,1249,,,False,,,False,False,False,True,False,False,False,False,False,False,True,2024-12-31 00:00:00-05:00
2025-01-01 02:45:00+00:00,2024-12-31 21:45:00-05:00,21,45,44924.29004936471,1247,,,False,,,False,False,False,True,False,False,False,False,False,False,True,2024-12-31 00:00:00-05:00
2025-01-01 03:00:00+00:00,2024-12-31 22:00:00-05:00,22,0,44940.96068273845,1112,,,False,,,False,False,True,True,False,False,False,False,False,True,True,2024-12-31 00:00:00-05:00
2025-01-01 03:15:00+00:00,2024-12-31 22:15:00-05:00,22,15,44992.7555988258,1111,,,False,41.02218015536086,0.0009117507831956714,True,True,True,True,False,False,False,True,True,True,True,2024-12-31 00:00:00-05:00
2025-01-01 03:30:00+00:00,2024-12-31 22:30:00-05:00,22,30,45006.8531697534,1134,,,False,41.539502995545,0.0009229595066082378,True,True,True,True,False,False,False,True,True,True,True,2024-12-31 00:00:00-05:00
2025-01-01 03:45:00+00:00,2024-12-31 22:45:00-05:00,22,45,44996.91649247065,1136,,,False,42.21599320491805,0.0009381974698640087,True,True,True,True,False,False,False,True,True,True,True,2024-12-31 00:00:00-05:00
2025-01-01 04:00:00+00:00,2024-12-31 23:00:00-05:00,23,0,45009.57735455657,1246,,,False,41.01491634676027,0.0009112486443423159,True,True,True,True,False,False,False,True,True,True,True,2024-12-31 00:00:00-05:00
2025-01-01 04:15:00+00:00,2024-12-31 23:15:00-05:00,23,15,45001.338965721705,1274,,,False,39.6386736812596,0.0008808332061286678,True,True,True,True,False,False,False,True,True,True,True,2024-12-31 00:00:00-05:00
2025-01-01 04:30:00+00:00,2024-12-31 23:30:00-05:00,23,30,44981.603752715135,1248,,,False,38.852895063114765,0.0008637507741321821,True,True,True,True,False,False,False,True,True,True,True,2024-12-31 00:00:00-05:00
2025-01-01 04:45:00+00:00,2024-12-31 23:45:00-05:00,23,45,44997.00584890556,1148,0.9666961391099315,,False,38.76433464560822,0.0008614869792842243,True,True,True,True,False,False,False,True,True,True,True,2024-12-31 00:00:00-05:00
2025-01-01 05:00:00+00:00,2025-01-01 00:00:00-05:00,0,0,44994.52179304273,1240,1.0397015050517746,,False,38.7260103225048,0.0008606827849094464,True,True,True,True,False,False,False,True,True,True,True,2025-01-01 00:00:00-05:00
2025-01-01 05:15:00+00:00,2025-01-01 00:15:00-05:00,0,15,45022.60834234514,1244,1.0373149885344999,,False,39.71035649724009,0.000882009238453901,True,True,True,True,False,False,False,True,True,True,True,2025-01-01 00:00:00-05:00
2025-01-01 05:30:00+00:00,2025-01-01 00:30:00-05:00,0,30,44991.957055935534,1152,0.964016736401673,,False,41.74254145637159,0.000927777856039377,True,True,True,True,False,False,False,True,True,True,True,2025-01-01 00:00:00-05:00
2025-01-01 05:45:00+00:00,2025-01-01 00:45:00-05:00,0,45,45000.63280958296,1236,1.034872524804286,,False,40.59144433448403,0.0009020194117323615,True,True,True,True,False,False,False,True,True,True,True,2025-01-01 00:00:00-05:00
2025-01-01 06:00:00+00:00,2025-01-01 01:00:00-05:00,1,0,45003.11615201456,1180,0.9900159409346413,45032.60834234514,False,39.291026339123036,0.0008730734602111364,True,True,True,True,False,False,False,True,True,True,True,2025-01-01 00:00:00-05:00
2025-01-01 06:15:00+00:00,2025-01-01 01:15:00-05:00,1,15,45009.0207287909,1216,1.0162126023733906,45032.60834234514,False,36.20156587281599,0.0008043180075157457,True,True,True,True,False,False,False,True,True,True,True,2025-01-01 00:00:00-05:00
2025-01-01 06:30:00+00:00,2025-01-01 01:30:00-05:00,1,30,45005.562447715616,1163,0.9700558845608467,45032.60834234514,False,35.257826422926364,0.000783410416520991,False,True,True,True,False,False,False,False,True,True,True,2025-01-01 00:00:00-05:00
2025-01-01 06:45:00+00:00,2025-01-01 01:45:00-05:00,1,45,45041.060988483136,1278,1.0643347907557767,45032.60834234514,True,34.093799614366745,0.0007569493006189269,False,True,True,True,False,True,False,False,True,True,True,2025-01-01 00:00:00-05:00
2025-01-01 07:00:00+00:00,2025-01-01 02:00:00-05:00,2,0,45075.276847595895,1120,0.9375915616759443,45051.060988483136,True,35.5308201990213,0.0007882551740980899,False,True,True,True,False,True,False,False,True,True,True,2025-01-01 00:00:00-05:00
2025-01-01 07:15:00+00:00,2025-01-01 02:15:00-05:00,2,15,45091.001241653285,1234,1.029706275033377,45085.276847595895,True,35.94422854006708,0.0007971486006139784,False,True,True,True,False,True,False,False,True,True,True,2025-01-01 00:00:00-05:00
2025-01-01 07:30:00+00:00,2025-01-01 02:30:00-05:00,2,30,45099.5790254269,1187,0.9930561365347604,45101.001241653285,False,35.65258008918837,0.0007905302191199531,False,True,True,True,False,False,False,False,True,True,True,2025-01-01 00:00:00-05:00
2025-01-01 07:45:00+00:00,2025-01-01 02:45:00-05:00,2,45,45129.29471315814,1173,0.9843907351460215,45109.5790254269,True,37.18667286750081,0.0008240029697751617,True,True,True,True,False,True,False,True,True,True,True,2025-01-01 00:00:00-05:00
2025-01-01 08:00:00+00:00,2025-01-01 03:00:00-05:00,3,0,45148.15505946427,1118,0.9379981542075669,45139.29471315814,True,37.12418238889794,0.00082227462761218,True,True,True,True,False,True,False,True,True,True,True,2025-01-01 00:00:00-05:00
2025-01-01 08:15:00+00:00,2025-01-01 03:15:00-05:00,3,15,45122.69743954444,1207,1.0086070025904563,45158.15505946427,False,37.84243408385529,0.0008386562912059219,True,True,True,True,False,False,False,True,True,True,True,2025-01-01 00:00:00-05:00
2025-01-01 08:30:00+00:00,2025-01-01 03:30:00-05:00,3,30,45101.486351776206,1187,0.9897027556593148,45158.15505946427,False,39.18007921995585,0.0008687092685674392,True,True,True,True,False,False,False,True,True,True,True,2025-01-01 00:00:00-05:00
2025-01-01 08:45:00+00:00,2025-01-01 03:45:00-05:00,3,45,45079.11461952613,1225,1.0176108988204013,45158.15505946427,False,38.771878001931846,0.0008600851709083414,True,True,True,True,False,False,False,True,True,True,True,2025-01-01 00:00:00-05:00
2025-01-01 09:00:00+00:00,2025-01-01 04:00:00-05:00,4,0,45081.07090474316,1271,1.0547280195842488,45158.15505946427,False,36.7222350596047,0.0008145821366399928,True,True,True,True,False,False,False,True,True,True,True,2025-01-01 00:00:00-05:00
2025-01-01 09:15:00+00:00,2025-01-01 04:15:00-05:00,4,15,45052.00447694107,1242,1.0320329053969828,45158.15505946427,False,38.17871178493806,0.0008474364732090675,True,True,True,True,False,False,False,True,True,True,True,2025-01-01 00:00:00-05:00
2025-01-01 09:30:00+00:00,2025-01-01 04:30:00-05:00,4,30,45067.59480781307,1180,0.9832923628182152,45158.15505946427,False,39.114925244966535,0.000867916857151326,True,True,True,True,False,False,False,True,True,True,True,2025-01-01 00:00:00-05:00
2025-01-01 09:45:00+00:00,2025-01-01 04:45:00-05:00,4,45,45062.19772557544,1189,0.989102404126112,45158.15505946427,False,39.07867563505871,0.0008672163722027981,True,True,True,True,False,False,False,True,True,True,True,2025-01-01 00:00:00-05:00
2025-01-01 10:00:00+00:00,2025-01-01 05:00:00-05:00,5,0,45079.71519324344,1248,1.037837837837837,45158.15505946427,False,40.08290324882442,0.0008891560888750259,True,True,True,True,False,False,False,True,True,True,True,2025-01-01 00:00:00-05:00
2025-01-01 10:15:00+00:00,2025-01-01 05:15:00-05:00,5,15,45115.49874770849,1117,0.9338293692262668,45158.15505946427,False,40.1032613700762,0.0008889020953605911,True,True,True,True,False,False,False,True,True,True,True,2025-01-01 00:00:00-05:00
2025-01-01 10:30:00+00:00,2025-01-01 05:30:00-05:00,5,30,45155.19747940998,1169,0.9766081871345021,45158.15505946427,False,40.494895126414384,0.0008967936668836269,True,True,True,True,False,False,False,True,True,True,True,2025-01-01 00:00:00-05:00
2025-01-01 10:45:00+00:00,2025-01-01 05:45:00-05:00,5,45,45161.88932952815,1270,1.0594811045299066,45165.19747940998,False,39.84971341647023,0.0008823748077876656,True,True,True,True,False,False,False,True,True,True,True,2025-01-01 00:00:00-05:00
2025-01-01 11:00:00+00:00,2025-01-01 06:00:00-05:00,6,0,45131.63086148395,1287,1.0688924878534938,45171.88932952815,False,41.39833372151198,0.0009172798086683363,True,True,True,True,False,False,False,True,True,True,True,2025-01-01 00:00:00-05:00
2025-01-01 11:15:00+00:00,2025-01-01 06:15:00-05:00,6,15,45158.84451471034,1265,1.0484873601326141,45171.88932952815,False,41.21961697116577,0.0009127695230939449,True,True,True,True,False,False,False,True,True,True,True,2025-01-01 00:00:00-05:00
2025-01-01 11:30:00+00:00,2025-01-01 06:30:00-05:00,6,30,45174.91620704027,1274,1.0511117528154772,45171.88932952815,True,41.02042740143692,0.0009080354950397032,True,True,True,True,False,True,False,True,True,True,True,2025-01-01 00:00:00-05:00
2025-01-01 11:45:00+00:00,2025-01-01 06:45:00-05:00,6,45,45213.037040801806,1172,0.9712036461570326,45184.91620704027,True,41.924942675844896,0.0009272755253757977,True,True,True,True,False,True,False,True,True,True,True,2025-01-01 00:00:00-05:00
2025-01-01 12:00:00+00:00,2025-01-01 07:00:00-05:00,7,0,45241.66844919437,1271,1.0466935683109604,45223.037040801806,True,42.454965577582435,0.000938404064944215,True,True,True,True,False,True,False,True,True,True,True,2025-01-01 00:00:00-05:00
2025-01-01 12:15:00+00:00,2025-01-01 07:15:00-05:00,7,15,45236.873307890986,1218,1.0037082818294183,45251.66844919437,False,41.199494795675754,0.0009107502747872063,True,True,True,True,False,False,False,True,True,True,True,2025-01-01 00:00:00-05:00
2025-01-01 12:30:00+00:00,2025-01-01 07:30:00-05:00,7,30,45232.84397902223,1256,1.032088417765725,45251.66844919437,False,41.34756934222761,0.0009141050109828046,True,True,True,True,False,False,False,True,True,True,True,2025-01-01 00:00:00-05:00
2025-01-01 12:45:00+00:00,2025-01-01 07:45:00-05:00,7,45,45207.2508554438,1115,0.9184135743997358,45251.66844919437,False,41.0994761833946,0.0009091346057475523,True,True,True,True,False,False,False,True,True,True,True,2025-01-01 00:00:00-05:00
2025-01-01 13:00:00+00:00,2025-01-01 08:00:00-05:00,8,0,45190.81420198921,1173,0.9640039447731749,45251.66844919437,False,41.159927796436804,0.0009108029701006145,True,True,True,True,False,False,False,True,True,True,True,2025-01-01 00:00:00-05:00
2025-01-01 13:15:00+00:00,2025-01-01 08:15:00-05:00,8,15,45166.351530511805,1163,0.957516877984521,45251.66844919437,False,42.52175559927803,0.0009414476520325704,True,True,True,True,False,False,False,True,True,True,True,2025-01-01 00:00:00-05:00
2025-01-01 13:30:00+00:00,2025-01-01 08:30:00-05:00,8,30,45166.16162213218,1227,1.008548413611704,45251.66844919437,False,41.28407279296516,0.0009140487327294881,True,True,True,True,False,False,False,True,True,True,True,2025-01-01 00:00:00-05:00
2025-01-01 13:45:00+00:00,2025-01-01 08:45:00-05:00,8,45,45137.30778898193,1214,0.9983142140536977,45251.66844919437,False,40.78909269905125,0.0009036669375528843,True,True,True,True,False,False,False,True,True,True,True,2025-01-01 00:00:00-05:00
2025-01-01 14:00:00+00:00,2025-01-01 09:00:00-05:00,9,0,45137.45622359042,1171,0.966929523966805,45251.66844919437,False,37.96407147812248,0.0008410768938786834,True,True,True,True,False,False,False,True,True,True,True,2025-01-01 00:00:00-05:00
2025-01-01 14:15:00+00:00,2025-01-01 09:15:00-05:00,9,15,45181.093656200814,1210,1.000454752160072,45251.66844919437,False,40.6030416561381,0.000898673280578404,True,True,True,True,False,False,False,True,True,True,True,2025-01-01 00:00:00-05:00
2025-01-01 14:30:00+00:00,2025-01-01 09:30:00-05:00,9,30,45223.02030776176,1171,0.9685690653432582,45251.66844919437,False,41.43648333590578,0.0009162697018888389,True,True,True,True,False,False,False,True,True,True,True,2025-01-01 00:00:00-05:00
2025-01-01 14:45:00+00:00,2025-01-01 09:45:00-05:00,9,45,45250.732676993335,1191,0.9850301877429486,45251.66844919437,False,41.47210590770452,0.0009164957881177033,True,True,True,True,False,False,False,True,True,True,True,2025-01-01 00:00:00-05:00
2025-01-01 15:00:00+00:00,2025-01-01 10:00:00-05:00,10,0,45276.31952815726,1197,0.9920848700841235,45260.732676993335,True,42.15176011013318,0.0009309891031208726,True,True,True,True,False,True,False,True,True,True,True,2025-01-01 00:00:00-05:00
2025-01-01 15:15:00+00:00,2025-01-01 10:15:00-05:00,10,15,45326.82356056025,1138,0.9423650215303074,45286.31952815726,True,43.036274298808294,0.0009494659214605762,True,True,True,True,False,True,False,True,True,True,True,2025-01-01 00:00:00-05:00
2025-01-01 15:30:00+00:00,2025-01-01 10:30:00-05:00,10,30,45298.08496693808,1138,0.9435761369760782,45336.82356056025,False,43.04393038663797,0.0009502373095475148,True,True,True,True,False,False,False,True,True,True,True,2025-01-01 00:00:00-05:00
2025-01-01 15:45:00+00:00,2025-01-01 10:45:00-05:00,10,45,45282.86090268825,1159,0.9654310703873379,45336.82356056025,False,43.788853454241426,0.0009670072204214878,True,True,True,True,False,False,False,True,True,True,True,2025-01-01 00:00:00-05:00
2025-01-01 16:00:00+00:00,2025-01-01 11:00:00-05:00,11,0,45247.72711368803,1250,1.0428398615108656,45336.82356056025,False,46.01060060648888,0.0010168599295801992,True,True,True,True,False,False,False,True,True,True,True,2025-01-01 00:00:00-05:00
2025-01-01 16:15:00+00:00,2025-01-01 11:15:00-05:00,11,15,45228.03013320314,1172,0.9815745393634834,45336.82356056025,False,45.58944752837903,0.001007991004563132,True,True,True,True,False,False,False,True,True,True,True,2025-01-01 00:00:00-05:00
2025-01-01 16:30:00+00:00,2025-01-01 11:30:00-05:00,11,30,45192.218000331086,1207,1.0137319951287103,45336.82356056025,False,46.9734103439119,0.0010394136960387244,True,True,True,True,False,False,False,True,True,True,True,2025-01-01 00:00:00-05:00
2025-01-01 16:45:00+00:00,2025-01-01 11:45:00-05:00,11,45,45204.38292854936,1256,1.0511779721303922,45336.82356056025,False,46.09500011111699,0.0010197020095147709,True,True,True,True,False,False,False,True,True,True,True,2025-01-01 00:00:00-05:00
2025-01-01 17:00:00+00:00,2025-01-01 12:00:00-05:00,12,0,45219.42163329582,1132,0.9529421668490605,45336.82356056025,False,47.15562842303344,0.0010428180352557177,True,True,True,True,False,False,False,True,True,True,True,2025-01-01 00:00:00-05:00
2025-01-01 17:15:00+00:00,2025-01-01 12:15:00-05:00,12,15,45245.69354362348,1231,1.0357157881452181,45336.82356056025,False,46.97120536427714,0.0010381364873761967,True,True,True,True,False,False,False,True,True,True,True,2025-01-01 00:00:00-05:00
2025-01-01 17:30:00+00:00,2025-01-01 12:30:00-05:00,12,30,45295.48407203888,1267,1.0655117315616847,45336.82356056025,False,50.51706920762808,0.0011152782720521251,True,True,True,True,False,False,False,True,True,True,True,2025-01-01 00:00:00-05:00
2025-01-01 17:45:00+00:00,2025-01-01 12:45:00-05:00,12,45,45320.50530490946,1113,0.9360807401177453,45336.82356056025,False,49.1873406547841,0.0010853219822651837,True,True,True,True,False,False,False,True,True,True,True,2025-01-01 00:00:00-05:00
2025-01-01 18:00:00+00:00,2025-01-01 13:00:00-05:00,13,0,45325.63954913463,1299,1.0867564628126822,45336.82356056025,False,46.55931155937132,0.0010272179724877208,True,True,True,True,False,False,False,True,True,True,True,2025-01-01 00:00:00-05:00
2025-01-01 18:15:00+00:00,2025-01-01 13:15:00-05:00,13,15,45375.66874096972,1274,1.0609151850772363,45336.82356056025,True,48.15337031676557,0.0010612156614517917,True,True,True,True,False,True,False,True,True,True,True,2025-01-01 00:00:00-05:00
2025-01-01 18:30:00+00:00,2025-01-01 13:30:00-05:00,13,30,45411.77625886642,1200,1.0004168403501452,45385.66874096972,True,48.90484651196363,0.0010769199212377254,True,True,True,True,False,True,False,True,True,True,True,2025-01-01 00:00:00-05:00
2025-01-01 18:45:00+00:00,2025-01-01 13:45:00-05:00,13,45,45411.600935855815,1200,1.0010010010010002,45421.77625886642,False,45.30993869822175,0.0009977613157092246,True,True,True,True,False,False,False,True,True,True,True,2025-01-01 00:00:00-05:00
2025-01-01 19:00:00+00:00,2025-01-01 14:00:00-05:00,14,0,45384.6752254704,1262,1.048738937133834,45421.77625886642,False,45.180447038453295,0.0009955000628295233,True,True,True,True,False,False,False,True,True,True,True,2025-01-01 00:00:00-05:00
2025-01-01 19:15:00+00:00,2025-01-01 14:15:00-05:00,14,15,45384.71540275485,1148,0.9564674026244525,45421.77625886642,False,44.0958836837838,0.0009716020755548725,True,True,True,True,False,False,False,True,True,True,True,2025-01-01 00:00:00-05:00
2025-01-01 19:30:00+00:00,2025-01-01 14:30:00-05:00,14,30,45354.52073518883,1153,0.9613540667861752,45421.77625886642,False,43.74308929562695,0.0009644703237198661,True,True,True,True,False,False,False,True,True,True,True,2025-01-01 00:00:00-05:00
2025-01-01 19:45:00+00:00,2025-01-01 14:45:00-05:00,14,45,45358.205959472514,1128,0.9429861227219521,45421.77625886642,False,42.59939242411201,0.0009391771901687316,True,True,True,True,False,False,False,True,True,True,True,2025-01-01 00:00:00-05:00
2025-01-01 20:00:00+00:00,2025-01-01 15:00:00-05:00,15,0,45352.76784189539,1113,0.9337248322147644,45421.77625886642,False,40.429819903045946,0.0008914520949192921,True,True,True,True,False,False,False,True,True,True,True,2025-01-01 00:00:00-05:00
2025-01-01 20:15:00+00:00,2025-01-01 15:15:00-05:00,15,15,45325.77202387663,1245,1.0397962166450905,45421.77625886642,False,41.48916917450905,0.0009153549365392709,True,True,True,True,False,False,False,True,True,True,True,2025-01-01 00:00:00-05:00
2025-01-01 20:30:00+00:00,2025-01-01 15:30:00-05:00,15,30,45303.22380592894,1125,0.9400852343945844,45421.77625886642,False,42.025562974597314,0.0009276506050568819,True,True,True,True,False,False,False,True,True,True,True,2025-01-01 00:00:00-05:00
2025-01-01 20:45:00+00:00,2025-01-01 15:45:00-05:00,15,45,45352.96210286386,1257,1.046105193075898,45421.77625886642,False,43.70173344654437,0.0009635916028467031,True,True,True,True,False,False,False,True,True,True,True,2025-01-01 00:00:00-05:00
2025-01-01 21:00:00+00:00,2025-01-01 16:00:00-05:00,16,0,45318.99281467468,1153,0.9634426571965733,45421.77625886642,False,42.57164485895659,0.0009393775592729307,True,True,True,True,False,False,False,True,True,True,True,2025-01-01 00:00:00-05:00
2025-01-01 21:15:00+00:00,2025-01-01 16:15:00-05:00,16,15,45338.39559651355,1138,0.9522614116564153,45421.77625886642,False,42.17032692812011,0.0009301239352052181,True,True,True,True,False,False,False,True,True,True,True,2025-01-01 00:00:00-05:00
2025-01-01 21:30:00+00:00,2025-01-01 16:30:00-05:00,16,30,45359.65110491991,1188,0.9948915501214297,45421.77625886642,False,43.32184579820542,0.0009550744933641375,True,True,True,True,False,False,False,True,True,True,True,2025-01-01 00:00:00-05:00
2025-01-01 21:45:00+00:00,2025-01-01 16:45:00-05:00,16,45,45378.00173179412,1221,1.0240281796452377,45421.77625886642,False,41.05909115814211,0.0009048236941066984,True,True,True,True,False,False,False,True,True,True,True,2025-01-01 00:00:00-05:00
2025-01-01 22:00:00+00:00,2025-01-01 17:00:00-05:00,17,0,45352.848000329206,1224,1.0225991060612383,45421.77625886642,False,40.27667784158569,0.0008880738391841088,True,True,True,True,False,False,False,True,True,True,True,2025-01-01 00:00:00-05:00
2025-01-01 22:15:00+00:00,2025-01-01 17:15:00-05:00,17,15,45406.645795501325,1219,1.018932586617628,45421.77625886642,False,44.106854424551,0.0009713744244222703,True,True,True,True,False,False,False,True,True,True,True,2025-01-01 00:00:00-05:00
2025-01-01 22:30:00+00:00,2025-01-01 17:30:00-05:00,17,30,45413.94673957928,1179,0.9891354503125123,45421.77625886642,False,42.70508540258951,0.0009403517744774881,True,True,True,True,False,False,False,True,True,True,True,2025-01-01 00:00:00-05:00
2025-01-01 22:45:00+00:00,2025-01-01 17:45:00-05:00,17,45,45385.41630507893,1126,0.9441556263625686,45423.94673957928,False,44.74010377515359,0.0009857815002601812,True,True,True,True,False,False,False,True,True,True,True,2025-01-01 00:00:00-05:00
2025-01-01 23:00:00+00:00,2025-01-01 18:00:00-05:00,18,0,45417.15649797954,1289,1.081285127086653,45423.94673957928,False,44.85049844190975,0.0009875232599360333,True,True,True,True,False,False,False,True,True,True,True,2025-01-01 00:00:00-05:00
2025-01-01 23:15:00+00:00,2025-01-01 18:15:00-05:00,18,15,45404.87178315123,1277,1.0710840847137757,45427.15649797954,False,45.4647477665255,0.0010013187127509186,True,True,True,True,False,False,False,True,True,True,True,2025-01-01 00:00:00-05:00
2025-01-01 23:30:00+00:00,2025-01-01 18:30:00-05:00,18,30,45383.20808454832,1105,0.930526315789473,45427.15649797954,False,46.623717839795844,0.0010273341133781567,True,True,True,True,False,False,False,True,True,True,True,2025-01-01 00:00:00-05:00
2025-01-01 23:45:00+00:00,2025-01-01 18:45:00-05:00,18,45,45365.52814878309,1235,1.038469623712423,45427.15649797954,False,45.958297678829695,0.0010130665188797655,True,True,True,True,False,False,False,True,True,True,True,2025-01-01 00:00:00-05:00
2025-01-02 00:00:00+00:00,2025-01-01 19:00:00-05:00,19,0,45362.0579089882,1276,1.0723139627715441,45427.15649797954,False,44.59558495362944,0.0009831032146536084,True,True,True,True,False,False,False,True,True,True,True,2025-01-01 00:00:00-05:00
2025-01-02 00:15:00+00:00,2025-01-01 19:15:00-05:00,19,15,45375.04710073587,1106,0.931093993349328,45427.15649797954,False,41.97064886882591,0.0009249720176741206,True,True,True,True,False,False,False,True,True,True,True,2025-01-01 00:00:00-05:00
2025-01-02 00:30:00+00:00,2025-01-01 19:30:00-05:00,19,30,45407.54860805135,1176,0.989066442388561,45427.15649797954,False,41.865807377847624,0.000922001047429904,True,True,True,True,False,False,False,True,True,True,True,2025-01-01 00:00:00-05:00
2025-01-02 00:45:00+00:00,2025-01-01 19:45:00-05:00,19,45,45460.08525464851,1123,0.9446898002103042,45427.15649797954,True,44.232512003440206,0.0009729966795193641,True,True,True,True,False,True,False,True,True,True,True,2025-01-01 00:00:00-05:00
2025-01-02 01:00:00+00:00,2025-01-01 20:00:00-05:00,20,0,45487.01551692755,1166,0.9786805438979344,45470.08525464851,True,44.637851565774326,0.000981331728593246,True,True,True,True,False,True,False,True,True,True,True,2025-01-01 00:00:00-05:00
2025-01-02 01:15:00+00:00,2025-01-01 20:15:00-05:00,20,15,45497.78655628266,1142,0.9626975763962058,45497.01551692755,True,44.09645245726746,0.0009691999500397301,True,True,True,True,False,True,False,True,True,True,True,2025-01-01 00:00:00-05:00
2025-01-02 01:30:00+00:00,2025-01-01 20:30:00-05:00,20,30,45493.75510386462,1157,0.9740287073283657,45507.78655628266,False,42.58771823963408,0.0009361222906837234,True,True,True,True,False,False,False,True,True,True,True,2025-01-01 00:00:00-05:00
2025-01-02 01:45:00+00:00,2025-01-01 20:45:00-05:00,20,45,45505.81935598497,1299,1.0916425059876456,45507.78655628266,False,39.60675087879333,0.0008703667231866733,True,True,True,True,False,False,False,True,True,True,True,2025-01-01 00:00:00-05:00
2025-01-02 02:00:00+00:00,2025-01-01 21:00:00-05:00,21,0,45515.16598035955,1262,1.0557135686799388,45515.81935598497,False,39.75287089998061,0.000873398350719726,True,True,True,True,False,False,False,True,True,True,True,2025-01-01 00:00:00-05:00
2025-01-02 02:15:00+00:00,2025-01-01 21:15:00-05:00,21,15,45499.05740511892,1294,1.075465425531914,45525.16598035955,False,38.865595238571714,0.0008542066024031324,True,True,True,True,False,False,False,True,True,True,True,2025-01-01 00:00:00-05:00
2025-01-02 02:30:00+00:00,2025-01-01 21:30:00-05:00,21,30,45540.245772513685,1161,0.9660107334525933,45525.16598035955,True,39.54046484529733,0.0008682532159095727,True,True,True,True,False,True,False,True,True,True,True,2025-01-01 00:00:00-05:00
2025-01-02 02:45:00+00:00,2025-01-01 21:45:00-05:00,21,45,45578.34774262124,1289,1.0694876581622061,45550.245772513685,True,41.38455450810112,0.000907987159644262,True,True,True,True,False,True,False,True,True,True,True,2025-01-01 00:00:00-05:00
2025-01-02 03:00:00+00:00,2025-01-01 22:00:00-05:00,22,0,45615.11361386845,1151,0.9578894806924094,45588.34774262124,True,42.463281125551084,0.0009309037676635511,True,True,True,True,False,True,False,True,True,True,True,2025-01-01 00:00:00-05:00
2025-01-02 03:15:00+00:00,2025-01-01 22:15:00-05:00,22,15,45625.84582141197,1191,0.9923346108981829,45625.11361386845,True,41.9670148239997,0.000919807930537143,True,True,True,True,False,True,False,True,True,True,True,2025-01-01 00:00:00-05:00
2025-01-02 03:30:00+00:00,2025-01-01 22:30:00-05:00,22,30,45656.05049566588,1107,0.9251211766672232,45635.84582141197,True,43.876617285358535,0.0009610252487679314,True,True,True,True,False,True,False,True,True,True,True,2025-01-01 00:00:00-05:00
2025-01-02 03:45:00+00:00,2025-01-01 22:45:00-05:00,22,45,45691.67263710816,1220,1.01556646965787,45666.05049566588,True,45.49325654925945,0.0009956575000126485,True,True,True,True,False,True,False,True,True,True,True,2025-01-01 00:00:00-05:00
2025-01-02 04:00:00+00:00,2025-01-01 23:00:00-05:00,23,0,45678.8035193232,1277,1.0635462646789364,45701.67263710816,False,44.090943011365326,0.0009652385705048914,True,True,True,True,False,False,False,True,True,True,True,2025-01-01 00:00:00-05:00
2025-01-02 04:15:00+00:00,2025-01-01 23:15:00-05:00,23,15,45697.54453036792,1188,0.9931034482758613,45701.67263710816,False,41.67696904333415,0.0009120176909207466,True,True,True,True,False,False,False,True,True,True,True,2025-01-01 00:00:00-05:00
2025-01-02 04:30:00+00:00,2025-01-01 23:30:00-05:00,23,30,45701.86090818354,1285,1.066168844638041,45707.54453036792,False,40.06169158166085,0.0008765877534428201,True,True,True,True,False,False,False,True,True,True,True,2025-01-01 00:00:00-05:00
2025-01-02 04:45:00+00:00,2025-01-01 23:45:00-05:00,23,45,45755.60977527295,1193,0.9915638116610556,45711.86090818354,True,43.13153641982509,0.0009426502374608075,True,True,True,True,False,True,False,True,True,True,True,2025-01-01 00:00:00-05:00
2025-01-02 05:00:00+00:00,2025-01-02 00:00:00-05:00,0,0,45726.37542953651,1126,0.9417471668130298,45765.60977527295,False,44.931743085424905,0.0009826220132987335,True,True,True,True,False,False,False,True,True,True,True,2025-01-02 00:00:00-05:00
2025-01-02 05:15:00+00:00,2025-01-02 00:15:00-05:00,0,15,45710.5400040683,1150,0.9600534290603993,45765.60977527295,False,45.201112610271856,0.0009888553625979673,True,True,True,True,False,False,False,True,True,True,True,2025-01-02 00:00:00-05:00
2025-01-02 05:30:00+00:00,2025-01-02 00:30:00-05:00,0,30,45704.84789723111,1223,1.0189968338610222,45765.60977527295,False,44.9400756433154,0.0009832671524115926,True,True,True,True,False,False,False,True,True,True,True,2025-01-02 00:00:00-05:00
2025-01-02 05:45:00+00:00,2025-01-02 00:45:00-05:00,0,45,45725.32973845866,1256,1.0407258565687527,45765.60977527295,False,45.25245178523827,0.0009896582932058626,True,True,True,True,False,False,False,True,True,True,True,2025-01-02 00:00:00-05:00
2025-01-02 06:00:00+00:00,2025-01-02 01:00:00-05:00,1,0,45740.8962651982,1042,0.867863240744596,45765.60977527295,False,43.13660602415049,0.0009430642935820832,True,True,True,True,False,False,False,True,True,True,True,2025-01-02 00:00:00-05:00
2025-01-02 06:15:00+00:00,2025-01-02 01:15:00-05:00,1,15,45759.61340326504,1008,0.8442564596507385,45765.60977527295,False,41.4662608783848,0.0009061759441225109,True,True,True,True,False,False,False,True,True,True,True,2025-01-02 00:00:00-05:00
2025-01-02 06:30:00+00:00,2025-01-02 01:30:00-05:00,1,30,45773.32498518807,941,0.7953344884418706,45767.61340326504,True,39.53381164094338,0.0008636866920577923,True,True,True,True,False,True,False,True,True,True,True,2025-01-02 00:00:00-05:00
2025-01-02 06:45:00+00:00,2025-01-02 01:45:00-05:00,1,45,45788.64297382332,950,0.8149609676589167,45781.32498518807,True,39.575653147496006,0.0008643115536339615,True,True,True,True,False,True,False,True,True,True,True,2025-01-02 00:00:00-05:00
2025-01-02 07:00:00+00:00,2025-01-02 02:00:00-05:00,2,0,45807.40611287351,971,0.8435043217651906,45796.64297382332,True,38.472686347230464,0.0008398791726479852,True,True,True,True,False,True,False,True,True,True,True,2025-01-02 00:00:00-05:00
2025-01-02 07:15:00+00:00,2025-01-02 02:15:00-05:00,2,15,45806.39984988394,965,0.8504450515554765,45815.40611287351,False,35.71440931489373,0.0007796816478032865,False,True,True,True,False,False,False,False,True,True,True,2025-01-02 00:00:00-05:00
2025-01-02 07:30:00+00:00,2025-01-02 02:30:00-05:00,2,30,45803.37319548361,1005,0.8918271363918707,45815.40611287351,False,34.72566193027732,0.0007581463876486154,False,True,True,True,False,False,False,False,True,True,True,2025-01-02 00:00:00-05:00
2025-01-02 07:45:00+00:00,2025-01-02 02:45:00-05:00,2,45,45784.4449449914,1021,0.916928603502469,45815.40611287351,False,34.45332189081195,0.0007525115119819964,False,True,True,True,False,False,False,False,True,True,True,2025-01-02 00:00:00-05:00
2025-01-02 08:00:00+00:00,2025-01-02 03:00:00-05:00,3,0,45782.758270771184,941,0.8531278331822296,45815.40611287351,False,33.979771633997835,0.0007421958160107479,False,True,True,True,False,False,False,False,True,True,True,2025-01-02 00:00:00-05:00
2025-01-02 08:15:00+00:00,2025-01-02 03:15:00-05:00,3,15,45793.05017373951,963,0.8821912788567234,45815.40611287351,False,30.589988482491858,0.0006680050437005831,False,True,True,True,False,False,False,False,True,True,True,2025-01-02 00:00:00-05:00
2025-01-02 08:30:00+00:00,2025-01-02 03:30:00-05:00,3,30,45815.63129261821,927,0.8562719379272116,45815.40611287351,True,29.829043706938787,0.0006510669582707425,False,True,True,True,False,True,False,False,True,True,True,2025-01-02 00:00:00-05:00
2025-01-02 08:45:00+00:00,2025-01-02 03:45:00-05:00,3,45,45799.6485417302,1039,0.9678170555633172,45823.63129261821,False,29.55385266549586,0.0006452855776517141,False,True,True,True,False,False,False,False,True,True,True,2025-01-02 00:00:00-05:00
2025-01-02 09:00:00+00:00,2025-01-02 04:00:00-05:00,4,0,45813.68622478462,957,0.9049217531085993,45823.63129261821,False,29.864250966726622,0.0006518630878161129,False,True,True,True,False,False,False,False,True,True,True,2025-01-02 00:00:00-05:00
2025-01-02 09:15:00+00:00,2025-01-02 04:15:00-05:00,4,15,45818.79781064688,1072,1.019253624910862,45823.63129261821,False,28.48066129777726,0.0006215933777982981,False,True,True,True,False,False,False,False,True,True,True,2025-01-02 00:00:00-05:00
2025-01-02 09:30:00+00:00,2025-01-02 04:30:00-05:00,4,30,45840.80485155693,1009,0.9721084830675842,45826.79781064688,True,28.94069802424253,0.0006313304951333025,False,True,True,True,False,True,False,False,True,True,True,2025-01-02 00:00:00-05:00
2025-01-02 09:45:00+00:00,2025-01-02 04:45:00-05:00,4,45,45825.03160021305,1060,1.0278289537476961,45848.80485155693,False,28.730420401174342,0.0006269590963258772,False,True,True,True,False,False,False,False,True,True,True,2025-01-02 00:00:00-05:00
2025-01-02 10:00:00+00:00,2025-01-02 05:00:00-05:00,5,0,45808.1214235704,923,0.9038828771483123,45848.80485155693,False,28.95889145257544,0.0006321781062533324,False,True,True,True,False,False,False,False,True,True,True,2025-01-02 00:00:00-05:00
2025-01-02 10:15:00+00:00,2025-01-02 05:15:00-05:00,5,15,45821.83440591123,946,0.9357534991839349,45848.80485155693,False,28.844248145830665,0.0006294869797292451,False,True,True,True,False,False,False,False,True,True,True,2025-01-02 00:00:00-05:00
2025-01-02 10:30:00+00:00,2025-01-02 05:30:00-05:00,5,30,45823.05239824973,955,0.9573454964663416,45848.80485155693,False,27.591023380710144,0.0006021210272269862,False,True,True,True,False,False,False,False,True,True,True,2025-01-02 00:00:00-05:00
2025-01-02 10:45:00+00:00,2025-01-02 05:45:00-05:00,5,45,45820.019344602,969,0.9855573637103325,45848.80485155693,False,27.73579414200763,0.0006053204371960866,False,True,True,True,False,False,False,False,True,True,True,2025-01-02 00:00:00-05:00
2025-01-02 11:00:00+00:00,2025-01-02 06:00:00-05:00,6,0,45834.96378454952,974,0.9940804245764432,45848.80485155693,False,28.58706453823574,0.0006236955847202422,False,True,True,True,False,False,False,False,True,True,True,2025-01-02 00:00:00-05:00
2025-01-02 11:15:00+00:00,2025-01-02 06:15:00-05:00,6,15,45813.32939405752,974,0.995808199570595,45848.80485155693,False,28.780360252507048,0.0006282093144760653,False,True,True,True,False,False,False,False,True,True,True,2025-01-02 00:00:00-05:00
2025-01-02 11:30:00+00:00,2025-01-02 06:30:00-05:00,6,30,45803.84450712075,981,1.0009182736455453,45848.80485155693,False,29.337375446545984,0.0006405002846864773,False,True,True,True,False,False,False,False,True,True,True,2025-01-02 00:00:00-05:00
2025-01-02 11:45:00+00:00,2025-01-02 06:45:00-05:00,6,45,45815.9220549667,1003,1.0206054439074017,45848.80485155693,False,29.464921509233267,0.0006431153229631249,False,True,True,True,False,False,False,False,True,True,True,2025-01-02 00:00:00-05:00
2025-01-02 12:00:00+00:00,2025-01-02 07:00:00-05:00,7,0,45804.89713118312,1027,1.0420577342600568,45848.80485155693,False,28.639479002439266,0.0006252492811067148,False,True,True,True,False,False,False,False,True,True,True,2025-01-02 00:00:00-05:00
2025-01-02 12:15:00+00:00,2025-01-02 07:15:00-05:00,7,15,45820.20489861679,935,0.9501549718002125,45848.80485155693,False,28.59126589855805,0.0006239881720699411,False,True,True,True,False,False,False,False,True,True,True,2025-01-02 00:00:00-05:00
2025-01-02 12:30:00+00:00,2025-01-02 07:30:00-05:00,7,30,45838.99196414909,1010,1.026109925835618,45848.80485155693,False,28.930507504121383,0.0006311331524643492,False,True,True,True,False,False,False,False,True,True,True,2025-01-02 00:00:00-05:00
2025-01-02 12:45:00+00:00,2025-01-02 07:45:00-05:00,7,45,45857.22231466441,1069,1.0834093442789083,45848.80485155693,True,29.867562122197082,0.0006513164255185581,False,True,True,True,False,True,False,False,True,True,True,2025-01-02 00:00:00-05:00
2025-01-02 13:00:00+00:00,2025-01-02 08:00:00-05:00,8,0,45871.66949646958,1052,1.0602166792642973,45865.22231466441,True,29.327572186133953,0.0006393395424247878,False,True,True,True,False,True,False,False,True,True,True,2025-01-02 00:00:00-05:00
2025-01-02 13:15:00+00:00,2025-01-02 08:15:00-05:00,8,15,45868.02858273618,1048,1.0516808830908169,45879.66949646958,False,28.460976642527903,0.0006204970547445776,False,True,True,True,False,False,False,False,True,True,True,2025-01-02 00:00:00-05:00
2025-01-02 13:30:00+00:00,2025-01-02 08:30:00-05:00,8,30,45851.09242134721,958,0.9598717499123282,45879.66949646958,False,28.46283269583676,0.0006207667297057708,False,True,True,True,False,False,False,False,True,True,True,2025-01-02 00:00:00-05:00
2025-01-02 13:45:00+00:00,2025-01-02 08:45:00-05:00,8,45,45852.170223975474,924,0.9311700090698368,45879.66949646958,False,27.560319859225274,0.0006010690382723555,False,True,True,True,False,False,False,False,True,True,True,2025-01-02 00:00:00-05:00
2025-01-02 14:00:00+00:00,2025-01-02 09:00:00-05:00,9,0,45869.26416974647,966,0.9730546461848391,45879.66949646958,False,28.69431653297475,0.0006255674044995989,False,True,True,True,False,False,False,False,True,True,True,2025-01-02 00:00:00-05:00
2025-01-02 14:15:00+00:00,2025-01-02 09:15:00-05:00,9,15,45874.24349115739,958,0.9705688668253878,45879.66949646958,False,28.833335658916308,0.000628529943267057,False,True,True,True,False,False,False,False,True,True,True,2025-01-02 00:00:00-05:00
2025-01-02 14:30:00+00:00,2025-01-02 09:30:00-05:00,9,30,45859.21264445279,1041,1.052950993779395,45882.24349115739,False,28.839507570135797,0.0006288705345582132,False,True,True,True,False,False,False,False,True,True,True,2025-01-02 00:00:00-05:00
2025-01-02 14:45:00+00:00,2025-01-02 09:45:00-05:00,9,45,45864.67453350672,950,0.9662818491583167,45882.24349115739,False,27.684328895987296,0.0006036089687230276,False,True,True,True,False,False,False,False,True,True,True,2025-01-02 00:00:00-05:00
2025-01-02 15:00:00+00:00,2025-01-02 10:00:00-05:00,10,0,45867.26476966194,1003,1.016056323760319,45882.24349115739,False,27.191853840162885,0.0005928379199569894,False,True,True,True,False,False,False,False,True,True,True,2025-01-02 00:00:00-05:00
2025-01-02 15:15:00+00:00,2025-01-02 10:15:00-05:00,10,15,45875.62781064422,1055,1.0628652024984877,45882.24349115739,False,26.926531921329506,0.000586946341802039,False,True,True,True,False,False,False,False,True,True,True,2025-01-02 00:00:00-05:00
2025-01-02 15:30:00+00:00,2025-01-02 10:30:00-05:00,10,30,45878.17124146134,947,0.9544446684136253,45883.62781064422,False,26.320710995153995,0.0005737088092859128,False,True,True,True,False,False,False,False,True,True,True,2025-01-02 00:00:00-05:00
2025-01-02 15:45:00+00:00,2025-01-02 10:45:00-05:00,10,45,45895.75303275663,934,0.9430057044777617,45886.17124146134,True,26.483141270983783,0.0005770281457650839,False,True,True,True,False,True,False,False,True,True,True,2025-01-02 00:00:00-05:00
2025-01-02 16:00:00+00:00,2025-01-02 11:00:00-05:00,11,0,45884.20999022888,990,0.9987389659520797,45903.75303275663,False,25.96571105637226,0.0005658964393612029,False,True,True,True,False,False,False,False,True,True,True,2025-01-02 00:00:00-05:00
2025-01-02 16:15:00+00:00,2025-01-02 11:15:00-05:00,11,15,45863.204148180055,945,0.9547383309759538,45903.75303275663,False,26.163960451622966,0.0005704782502131659,False,True,True,True,False,False,False,False,True,True,True,2025-01-02 00:00:00-05:00
2025-01-02 16:30:00+00:00,2025-01-02 11:30:00-05:00,11,30,45863.55793656042,1063,1.069524096991648,45903.75303275663,False,25.157289492708514,0.0005485245939163002,False,True,True,True,False,False,False,False,True,True,True,2025-01-02 00:00:00-05:00
2025-01-02 16:45:00+00:00,2025-01-02 11:45:00-05:00,11,45,45841.904180409634,936,0.9449295845742255,45903.75303275663,False,26.44392109395059,0.0005768504072143517,False,True,True,True,False,False,False,False,True,True,True,2025-01-02 00:00:00-05:00
2025-01-02 17:00:00+00:00,2025-01-02 12:00:00-05:00,12,0,45839.30257870592,1076,1.0835850956696866,45903.75303275663,False,25.420023973574903,0.0005545464818084615,False,True,True,True,False,False,False,False,True,True,True,2025-01-02 00:00:00-05:00
2025-01-02 17:15:00+00:00,2025-01-02 12:15:00-05:00,12,15,45861.00108251126,1075,1.0749999999999988,45903.75303275663,False,26.89293120050882,0.0005864008758143797,False,True,True,True,False,False,False,False,True,True,True,2025-01-02 00:00:00-05:00
2025-01-02 17:30:00+00:00,2025-01-02 12:30:00-05:00,12,30,45861.55881981178,990,0.99099099099099,45903.75303275663,False,25.711773452617177,0.0005606388904842442,False,True,True,True,False,False,False,False,True,True,True,2025-01-02 00:00:00-05:00
2025-01-02 17:45:00+00:00,2025-01-02 12:45:00-05:00,12,45,45859.37332356073,1056,1.057745279711523,45903.75303275663,False,25.512214512626606,0.0005563140676307376,False,True,True,True,False,False,False,False,True,True,True,2025-01-02 00:00:00-05:00
2025-01-02 18:00:00+00:00,2025-01-02 13:00:00-05:00,13,0,45873.46875881231,1049,1.0508916048887986,45903.75303275663,False,25.445399408839876,0.0005546866216423149,False,True,True,True,False,False,False,False,True,True,True,2025-01-02 00:00:00-05:00
2025-01-02 18:15:00+00:00,2025-01-02 13:15:00-05:00,13,15,45893.72194699343,1053,1.0546346837598266,45903.75303275663,False,26.50192077506758,0.0005774628783796813,False,True,True,True,False,False,False,False,True,True,True,2025-01-02 00:00:00-05:00
2025-01-02 18:30:00+00:00,2025-01-02 13:30:00-05:00,13,30,45911.002561697445,986,0.9861479221883273,45903.75303275663,True,27.551233528552984,0.0006001008906640253,False,True,True,True,False,True,False,False,True,True,True,2025-01-02 00:00:00-05:00
2025-01-02 18:45:00+00:00,2025-01-02 13:45:00-05:00,13,45,45930.413008802825,971,0.9688684893234873,45919.002561697445,True,28.340333965917257,0.0006170276317891083,False,True,True,True,False,True,False,False,True,True,True,2025-01-02 00:00:00-05:00
2025-01-02 19:00:00+00:00,2025-01-02 14:00:00-05:00,14,0,45946.02933927698,955,0.9534268457045865,45938.413008802825,True,29.27411251284814,0.0006371412923776452,False,True,True,True,False,True,False,False,True,True,True,2025-01-02 00:00:00-05:00
2025-01-02 19:15:00+00:00,2025-01-02 14:15:00-05:00,14,15,45942.19914302829,1020,1.0151779049514795,45954.02933927698,False,28.291855723806034,0.0006158141371449633,False,True,True,True,False,False,False,False,True,True,True,2025-01-02 00:00:00-05:00
2025-01-02 19:30:00+00:00,2025-01-02 14:30:00-05:00,14,30,45939.53992071305,938,0.938375350140055,45954.02933927698,False,27.65729713719858,0.000602036876837083,False,True,True,True,False,False,False,False,True,True,True,2025-01-02 00:00:00-05:00
2025-01-02 19:45:00+00:00,2025-01-02 14:45:00-05:00,14,45,45947.4027232064,1029,1.0253599720990474,45954.02933927698,False,26.718508597522096,0.0005815020439452941,False,True,True,True,False,False,False,False,True,True,True,2025-01-02 00:00:00-05:00
2025-01-02 20:00:00+00:00,2025-01-02 15:00:00-05:00,15,0,45927.78873117232,997,0.9937702466982298,45955.4027232064,False,28.094237429930736,0.0006117045519951734,False,True,True,True,False,False,False,False,True,True,True,2025-01-02 00:00:00-05:00
2025-01-02 20:15:00+00:00,2025-01-02 15:15:00-05:00,15,15,45940.82928458221,959,0.960488757574239,45955.4027232064,False,27.47900866272383,0.0005981391518316762,False,True,True,True,False,False,False,False,True,True,True,2025-01-02 00:00:00-05:00
2025-01-02 20:30:00+00:00,2025-01-02 15:30:00-05:00,15,30,45961.020493070486,1013,1.0112303468929362,45955.4027232064,True,28.735409147335822,0.0006252126005702646,False,True,True,True,False,True,False,False,True,True,True,2025-01-02 00:00:00-05:00
2025-01-02 20:45:00+00:00,2025-01-02 15:45:00-05:00,15,45,45944.611443477625,955,0.9523334662943748,45969.020493070486,False,28.357590989301702,0.0006172125543860138,False,True,True,True,False,False,False,False,True,True,True,2025-01-02 00:00:00-05:00
2025-01-02 21:00:00+00:00,2025-01-02 16:00:00-05:00,16,0,46220.27911213849,1619,1.5653855450809753,45969.020493070486,True,49.00830037218371,0.0010603203034166237,True,True,True,True,True,True,True,True,True,True,True,2025-01-02 00:00:00-05:00
2025-01-02 21:15:00+00:00,2025-01-02 16:15:00-05:00,16,15,46682.48190325988,3500,3.012048192771082,46235.27911213849,True,82.86667857720853,0.0017751129588382461,True,True,True,True,True,True,True,True,True,True,True,2025-01-02 00:00:00-05:00
2025-01-02 21:30:00+00:00,2025-01-02 16:30:00-05:00,16,30,46690.57194527312,1524,1.2860216868486551,46697.48190325988,False,83.43772191732673,0.0017870357642036515,True,True,True,True,False,False,False,True,True,True,True,2025-01-02 00:00:00-05:00
2025-01-02 21:45:00+00:00,2025-01-02 16:45:00-05:00,16,45,46712.84506102893,1624,1.3317479191438752,46705.57194527312,True,84.58200245837621,0.0018106797466065781,True,True,True,True,False,True,False,True,True,True,True,2025-01-02 00:00:00-05:00
2025-01-02 22:00:00+00:00,2025-01-02 17:00:00-05:00,17,0,46716.430355541306,1670,1.336909098186766,46727.84506102893,False,84.60376530183046,0.0018110066342385922,True,True,True,True,False,False,False,True,True,True,True,2025-01-02 00:00:00-05:00
2025-01-02 22:15:00+00:00,2025-01-02 17:15:00-05:00,17,15,46773.19810329566,1541,1.2110495500805523,46731.430355541306,True,88.27214391961441,0.0018872377237209852,True,True,True,True,False,True,False,True,True,True,True,2025-01-02 00:00:00-05:00
2025-01-02 22:30:00+00:00,2025-01-02 17:30:00-05:00,17,30,46820.00638312277,1631,1.2502874664622452,46788.19810329566,True,91.50014030196793,0.0019542957673528006,True,True,True,True,False,True,False,True,True,True,True,2025-01-02 00:00:00-05:00
2025-01-02 22:45:00+00:00,2025-01-02 17:45:00-05:00,17,45,46842.783219558376,1607,1.206411170751848,46835.00638312277,True,93.85347174389037,0.002003584443391987,True,True,True,True,False,True,False,True,True,True,True,2025-01-02 00:00:00-05:00
2025-01-02 23:00:00+00:00,2025-01-02 18:00:00-05:00,18,0,46849.00234535003,1581,1.1636550988113192,46857.783219558376,False,95.10775056363438,0.0020300912677401815,True,True,True,True,False,False,False,True,True,True,True,2025-01-02 00:00:00-05:00
2025-01-02 23:15:00+00:00,2025-01-02 18:15:00-05:00,18,15,46846.97518172972,1593,1.149640962725074,46864.00234535003,False,95.69091921555966,0.002042627487566775,True,True,True,True,False,False,False,True,True,True,True,2025-01-02 00:00:00-05:00
2025-01-02 23:30:00+00:00,2025-01-02 18:30:00-05:00,18,30,46839.15740431316,1641,1.156937394247038,46864.00234535003,False,95.84833245716489,0.002046329135039879,True,True,True,True,False,False,False,True,True,True,True,2025-01-02 00:00:00-05:00
2025-01-02 23:45:00+00:00,2025-01-02 18:45:00-05:00,18,45,46866.31195177608,1680,1.155552498538363,46864.00234535003,True,97.85647488952392,0.0020879917965427935,True,True,True,True,False,True,False,True,True,True,True,2025-01-02 00:00:00-05:00
2025-01-03 00:00:00+00:00,2025-01-02 19:00:00-05:00,19,0,46858.37933016777,1584,1.066451221975358,46881.31195177608,False,97.98086154095446,0.0020909997943073045,True,True,True,True,False,False,False,True,True,True,True,2025-01-02 00:00:00-05:00
2025-01-03 00:15:00+00:00,2025-01-02 19:15:00-05:00,19,15,46890.22604458463,1575,1.0409437890353914,46881.31195177608,True,100.08355188552585,0.0021344224655765877,True,True,True,True,False,True,False,True,True,True,True,2025-01-02 00:00:00-05:00
2025-01-03 00:30:00+00:00,2025-01-02 19:30:00-05:00,19,30,46921.68215970715,1516,0.9831706605272539,46905.22604458463,True,82.6398694899295,0.0017612298981236115,True,True,True,True,False,True,False,True,True,True,True,2025-01-02 00:00:00-05:00
2025-01-03 00:45:00+00:00,2025-01-02 19:45:00-05:00,19,45,46921.29951004928,1558,0.9933690385105834,46936.68215970715,False,49.652716528249066,0.001058212731674552,True,True,True,True,False,False,False,True,True,True,True,2025-01-02 00:00:00-05:00
2025-01-03 01:00:00+00:00,2025-01-02 20:00:00-05:00,20,0,46989.42375323153,1526,0.9568297959055706,46936.68215970715,True,53.94087375460731,0.001147936481151202,True,True,True,True,False,True,False,True,True,True,True,2025-01-02 00:00:00-05:00
2025-01-03 01:15:00+00:00,2025-01-02 20:15:00-05:00,20,15,46986.74085232223,1569,0.9653305441904816,47004.42375323153,False,52.541572694142296,0.0011182212628724072,True,True,True,True,False,False,False,True,True,True,True,2025-01-02 00:00:00-05:00
2025-01-03 01:30:00+00:00,2025-01-02 20:30:00-05:00,20,30,46980.50570818628,1699,1.0237098183351905,47004.42375323153,False,52.73084766725463,0.0011223984687347961,True,True,True,True,False,False,False,True,True,True,True,2025-01-02 00:00:00-05:00
2025-01-03 01:45:00+00:00,2025-01-02 20:45:00-05:00,20,45,46985.60954655153,1693,0.9979075181986968,47004.42375323153,False,49.04056842517561,0.0010437359203904358,True,True,True,True,False,False,False,True,True,True,True,2025-01-02 00:00:00-05:00
